     1, T, F, 1.999
     2, T, F, 1.999
     3, T, F, 1.999
     4, T, F, 1.999
     5, T, F, 1.999
     6, T, F, 1.999
     7, T, F, 1.999
     8, T, F, 1.999
     9, T, F, 1.999
    10, T, F, 1.999
    11, T, F, 1.999
    12, T, F, 1.999
    13, T, F, 1.999
    14, T, F, 1.999
    15, T, F, 1.999
    16, T, F, 1.999
    17, T, F, 1.999
    18, T, F, 1.999
    19, T, F, 1.999
    20, T, F, 1.999
    21, T, F, 1.999
    22, T, F, 1.999
    23, T, F, 1.999
    24, T, F, 1.999
    25, T, F, 1.999
    26, T, F, 1.999
    27, T, F, 1.999
    28, T, F, 1.999
    29, T, F, 1.999
    30, T, F, 1.999
    31, T, F, 1.999
    32, T, F, 1.999
    33, T, F, 1.999
    34, T, F, 1.999
    35, T, F, 1.999
    36, T, F, 1.999
    37, T, F, 1.999
    38, T, F, 1.999
    39, T, F, 1.999
    40, T, F, 1.999
    41, T, F, 1.999
    42, T, F, 1.999
    43, T, F, 1.999
    44, T, F, 1.999
    45, T, F, 1.999
    46, T, F, 1.999
    47, T, F, 1.999
    48, T, F, 1.999
    49, T, F, 1.999
    50, T, F, 1.999
    51, T, F, 1.999
    52, T, F, 1.999
    53, T, F, 1.999
    54, T, F, 1.999
    55, T, F, 1.999
    56, T, F, 1.999
    57, T, F, 1.999
    58, T, F, 1.999
    59, T, F, 1.999
    60, T, F, 1.999
    61, T, F, 1.999
    62, T, F, 1.999
    63, T, F, 1.999
    64, T, F, 1.999
    65, T, F, 1.999
    66, T, F, 1.999
    67, T, F, 1.999
    68, T, F, 1.999
    69, T, F, 1.999
    70, T, F, 1.999
    71, T, F, 1.999
    72, T, F, 1.999
    73, T, F, 1.999
    74, T, F, 1.999
    75, T, F, 1.999
    76, T, F, 1.999
    77, T, F, 1.999
    78, T, F, 1.999
    79, T, F, 1.999
    80, T, F, 1.999
    81, T, F, 1.999
    82, T, F, 1.999
    83, T, F, 1.999
    84, T, F, 1.999
    85, T, F, 1.999
    86, T, F, 1.999
    87, T, F, 1.999
    88, T, F, 1.999
    89, T, F, 1.999
    90, T, F, 1.999
    91, T, F, 1.999
    92, T, F, 1.999
    93, T, F, 1.999
    94, T, F, 1.999
    95, T, F, 1.999
    96, T, F, 1.999
    97, T, F, 1.999
    98, T, F, 1.999
    99, T, F, 1.999
   100, T, F, 1.999
   101, T, F, 1.999
   102, T, F, 1.999
   103, T, F, 1.999
   104, T, F, 1.999
   105, T, F, 1.999
   106, T, F, 1.999
   107, T, F, 1.999
   108, T, F, 1.999
   109, T, F, 1.999
   110, T, F, 1.999
   111, T, F, 1.999
   112, T, F, 1.999
   113, T, F, 1.999
   114, T, F, 1.999
   115, T, F, 1.999
   116, T, F, 1.999
   117, T, F, 1.999
   118, T, F, 1.999
   119, T, F, 1.999
   120, T, F, 1.999
   121, T, F, 1.999
   122, T, F, 1.999
   123, T, F, 1.999
   124, T, F, 1.999
   125, T, F, 1.999
   126, T, F, 1.999
   127, T, F, 1.999
   128, T, F, 1.999
   129, T, F, 1.999
   130, T, F, 1.999
   131, T, F, 1.999
   132, T, F, 1.999
   133, T, F, 1.999
   134, T, F, 1.999
   135, T, F, 1.999
   136, T, F, 1.999
   137, T, F, 1.999
   138, T, F, 1.999
   139, T, F, 1.999
   140, T, F, 1.999
   141, T, F, 1.999
   142, T, F, 1.999
   143, T, F, 1.999
   144, T, F, 1.999
   145, T, F, 1.999
   146, T, F, 1.999
   147, T, F, 1.999
   148, T, F, 1.999
   149, T, F, 1.999
   150, T, F, 1.999
   151, T, F, 1.999
   152, T, F, 1.999
   153, T, F, 1.999
   154, T, F, 1.999
   155, T, F, 1.999
   156, T, F, 1.999
   157, T, F, 1.999
   158, T, F, 1.999
   159, T, F, 1.999
   160, T, F, 1.999
   161, T, F, 1.999
   162, T, F, 1.999
   163, T, F, 1.999
   164, T, F, 1.999
   165, T, F, 1.999
   166, T, F, 1.999
   167, T, F, 1.999
   168, T, F, 1.999
   169, T, F, 1.999
   170, T, F, 1.999
   171, T, F, 1.999
   172, T, F, 1.999
   173, T, F, 1.999
   174, T, F, 1.999
   175, T, F, 1.999
   176, T, F, 1.999
   177, T, F, 1.999
   178, T, F, 1.999
   179, T, F, 1.999
   180, T, F, 1.999
   181, T, F, 1.999
   182, T, F, 1.999
   183, T, F, 1.999
   184, T, F, 1.999
   185, T, F, 1.999
   186, T, F, 1.999
   187, T, F, 1.999
   188, T, F, 1.999
   189, T, F, 1.999
   190, T, F, 1.999
   191, T, F, 1.999
   192, T, F, 1.999
   193, T, F, 1.999
   194, T, F, 1.999
   195, T, F, 1.999
   196, T, F, 1.999
   197, T, F, 1.999
   198, T, F, 1.999
   199, T, F, 1.999
   200, T, F, 1.999
